CATEGORY,QUERY,PAGES
CUKROVINKY,bonbony jojo,2
CUKROVINKY,bonbony,3
CUKROVINKY,cukr,2
CUKROVINKY,džem,2
CUKROVINKY,hambáče,1
CUKROVINKY,lízátka,2
CUKROVINKY,marshmallow,2
CUKROVINKY,med,2
CUKROVINKY,nanuk,2
CUKROVINKY,nutella,2
CUKROVINKY,sovičky,1
CUKROVINKY,tutti frutti,1
CUKROVINKY,třtinový cukr,1
CUKROVINKY,vexta,1
CUKROVINKY,zmrzlina,2
CUKROVINKY,čokoláda,2
CUKROVINKY,želé,2
KOŘENÍ,bazalka,1
KOŘENÍ,bobkový list,1
KOŘENÍ,chilli papričky,1
KOŘENÍ,citronová tráva,1
KOŘENÍ,hřebíček,1
KOŘENÍ,majoránka,1
KOŘENÍ,nové koření,1
KOŘENÍ,oregano,1
KOŘENÍ,pažitka,1
KOŘENÍ,pepř,1
KOŘENÍ,sůl,1
KOŘENÍ,tymián,1
KOŘENÍ,uzená paprika,1
LUŠTĚNINY,cizrna,1
LUŠTĚNINY,fazole,1
LUŠTĚNINY,hrách,1
LUŠTĚNINY,sója,1
LUŠTĚNINY,čočka,1
MASO,bůček,1
MASO,candát,1
MASO,hovězí zadní,1
MASO,kapr,1
MASO,kližka,1
MASO,krevety,1
MASO,krůta,1
MASO,kuřecí prsní řízky,1
MASO,kuřecí stehna,1
MASO,kuřecí,1
MASO,losos,1
MASO,makrela,1
MASO,pražma,1
MASO,pstruh,1
MASO,roštěnec,1
MASO,rybí filé,1
MASO,rybí prsty,1
MASO,sardinky,1
MASO,sleď,1
MASO,svíčková,1
MASO,treska,1
MASO,tuňák,1
MASO,vepřová kýta,1
MASO,vepřová plec,1
MASO,vepřový bok,1
MASO,žebra,1
MLÉKO,jogurt,1
MLÉKO,kefír,1
MLÉKO,kyška,1
MLÉKO,mléko plnotučné,1
MLÉKO,mléko polotučné,1
MLÉKO,mléko trvanlivé,1
MLÉKO,podmáslí,1
MLÉKO,pomazánka,1
MLÉKO,smetana ke šlehání,2
MLÉKO,smetana na vaření,2
MLÉKO,smetana zakysaná,2
MLÉKO,tvaroh,1
MLÉKO,šlehačka,1
NÁPOJE,cider,1
NÁPOJE,džus,1
NÁPOJE,instantní káva,2
NÁPOJE,lager,2
NÁPOJE,ležák,3
NÁPOJE,likér,1
NÁPOJE,mletá káva,3
NÁPOJE,ovocný čaj,2
NÁPOJE,pivo,5
NÁPOJE,rum,3
NÁPOJE,sekt,3
NÁPOJE,voda,3
NÁPOJE,víno,3
NÁPOJE,zelený čaj,2
NÁPOJE,zrnková káva,3
NÁPOJE,černý čaj,2
OBILÍ,buchty,1
OBILÍ,cereálie,1
OBILÍ,chleba,1
OBILÍ,houska,1
OBILÍ,instantní nudle,1
OBILÍ,knedlíky,1
OBILÍ,krupička,1
OBILÍ,kuskus,1
OBILÍ,listové těsto,1
OBILÍ,mouka,1
OBILÍ,nudle,1
OBILÍ,ovesné vločky,1
OBILÍ,pečivo,1
OBILÍ,pohanka,1
OBILÍ,rohlík,1
OBILÍ,rýže,1
OBILÍ,těstoviny,1
OBILÍ,zavářka,1
OBILÍ,závin,1
OSTATNÍ,bujón,1
OSTATNÍ,chipsy,2
OSTATNÍ,droždí,1
OSTATNÍ,hořčice,1
OSTATNÍ,kečup,1
OSTATNÍ,kvasnice,1
OSTATNÍ,ocet,1
OSTATNÍ,omáčka,1
OSTATNÍ,pomazánka,1
OSTATNÍ,pudink,1
OSTATNÍ,tyčinky,2
OSTATNÍ,škrob,1
OVOCE,avokádo,1
OVOCE,banány,1
OVOCE,blumy,1
OVOCE,borůvky,1
OVOCE,broskve,1
OVOCE,citrony,1
OVOCE,hrozny,1
OVOCE,hrušky,1
OVOCE,jablka,2
OVOCE,jahody,1
OVOCE,kaki,1
OVOCE,karambola,1
OVOCE,kiwi,1
OVOCE,liči,1
OVOCE,maliny,1
OVOCE,mandarinky,1
OVOCE,mango,1
OVOCE,meloun,1
OVOCE,mučenka,1
OVOCE,nektarinky,1
OVOCE,papája,1
OVOCE,physalis,1
OVOCE,pomelo,1
OVOCE,pomeranče,1
OVOCE,rozinky,1
OVOCE,sušené mrazem,1
OVOCE,sušené ovoce,1
OVOCE,švestky,1
OŘECHY,arašídy,1
OŘECHY,datle,1
OŘECHY,fíky,1
OŘECHY,kešu,1
OŘECHY,kokos,1
OŘECHY,lískové ořechy,1
OŘECHY,mandle,1
OŘECHY,ořechy,1
OŘECHY,para ořechy,1
OŘECHY,pekanové ořechy,1
OŘECHY,piniové oříšky,1
OŘECHY,pistácie,1
OŘECHY,vlašské ořechy,1
SÝRY,brie,1
SÝRY,camembert,1
SÝRY,cottage,1
SÝRY,eidam,2
SÝRY,ementál,2
SÝRY,halloumi,1
SÝRY,hermelín,1
SÝRY,krolewski,1
SÝRY,limburger,1
SÝRY,lučina,1
SÝRY,mozzarella,1
SÝRY,niva,1
SÝRY,parmazán,1
SÝRY,romadur,1
SÝRY,smažený sýr,1
SÝRY,tavený sýr,1
SÝRY,tvarůžky,1
SÝRY,tylžský sýr,1
SÝRY,žervé,1
TUKY,margarín flora,1
TUKY,margarín perla,1
TUKY,máslo,1
TUKY,olej,1
TUKY,olivový olej,1
TUKY,rama,1
TUKY,slunečnicový olej,1
TUKY,vepřové sádlo,1
TUKY,řepkový olej,1
UZENINY,anglická slanina,1
UZENINY,debrecínská pečeně,1
UZENINY,herkules,1
UZENINY,klobása,1
UZENINY,kuřecí párky,1
UZENINY,kuřecí šunka,1
UZENINY,lovecký salám,1
UZENINY,paprikáš,1
UZENINY,vepřová šunka,1
UZENINY,vepřové párky,1
UZENINY,vysočina,1
VEJCE,majonéza,1
VEJCE,tatarská omáčka,1
VEJCE,vejce,2
ZELENINA,batáty,1
ZELENINA,brambory,1
ZELENINA,brokolice,1
ZELENINA,celer,1
ZELENINA,chilli,1
ZELENINA,cibule,1
ZELENINA,dýně,1
ZELENINA,fazolky,1
ZELENINA,fenykl,1
ZELENINA,hlávkové zelí,1
ZELENINA,hlíva,1
ZELENINA,hranolky,1
ZELENINA,hrášek,1
ZELENINA,kadeřavá petržel,1
ZELENINA,kapusta,1
ZELENINA,kopr,1
ZELENINA,kukuřice,1
ZELENINA,květák,1
ZELENINA,kysané zelí,1
ZELENINA,mrkev,1
ZELENINA,okurka,1
ZELENINA,okurky,1
ZELENINA,olivy,1
ZELENINA,paprika,1
ZELENINA,pekingské zelí,1
ZELENINA,petržel,1
ZELENINA,pórek,1
ZELENINA,rajčata,1
ZELENINA,rajčatový protlak,1
ZELENINA,růžičková kapusta,1
ZELENINA,sterilované okurky,1
ZELENINA,červená řepa,1
ZELENINA,česnek,1
ZELENINA,řapíkatý celer,1
ZELENINA,žampiony,1